{"Normals": {"num": 36, "co": [0.5773491859436035, 0.5773491859436035, -0.5773491859436035, 0.5773491859436035, -0.5773491859436035, -0.5773491859436035, -0.5773491859436035, -0.5773491859436035, -0.5773491859436035, 0.5773491859436035, 0.5773491859436035, 0.5773491859436035, -0.5773491859436035, 0.5773491859436035, 0.5773491859436035, 0.5773491859436035, -0.5773491859436035, 0.5773491859436035, 0.5773491859436035, 0.5773491859436035, -0.5773491859436035, 0.5773491859436035, 0.5773491859436035, 0.5773491859436035, 0.5773491859436035, -0.5773491859436035, -0.5773491859436035, 0.5773491859436035, -0.5773491859436035, -0.5773491859436035, 0.5773491859436035, -0.5773491859436035, 0.5773491859436035, -0.5773491859436035, -0.5773491859436035, -0.5773491859436035, -0.5773491859436035, -0.5773491859436035, -0.5773491859436035, -0.5773491859436035, -0.5773491859436035, 0.5773491859436035, -0.5773491859436035, 0.5773491859436035, 0.5773491859436035, 0.5773491859436035, 0.5773491859436035, 0.5773491859436035, 0.5773491859436035, 0.5773491859436035, -0.5773491859436035, -0.5773491859436035, 0.5773491859436035, -0.5773491859436035, -0.5773491859436035, 0.5773491859436035, -0.5773491859436035, 0.5773491859436035, 0.5773491859436035, -0.5773491859436035, -0.5773491859436035, -0.5773491859436035, -0.5773491859436035, 0.5773491859436035, 0.5773491859436035, 0.5773491859436035, 0.5773491859436035, -0.5773491859436035, 0.5773491859436035, 0.5773491859436035, -0.5773491859436035, -0.5773491859436035, 0.5773491859436035, -0.5773491859436035, 0.5773491859436035, -0.5773491859436035, -0.5773491859436035, 0.5773491859436035, -0.5773491859436035, -0.5773491859436035, -0.5773491859436035, -0.5773491859436035, 0.5773491859436035, -0.5773491859436035, -0.5773491859436035, -0.5773491859436035, -0.5773491859436035, -0.5773491859436035, 0.5773491859436035, 0.5773491859436035, -0.5773491859436035, 0.5773491859436035, 0.5773491859436035, 0.5773491859436035, 0.5773491859436035, 0.5773491859436035, -0.5773491859436035, 0.5773491859436035, -0.5773491859436035, -0.5773491859436035, 0.5773491859436035, 0.5773491859436035, -0.5773491859436035, -0.5773491859436035, 0.5773491859436035, 0.5773491859436035, -0.5773491859436035, 0.5773491859436035]}, "Vertices": {"num": 36, "co": [1.0, 0.9999999403953552, -1.0, 1.0, -1.0, -1.0, -1.0000001192092896, -0.9999998211860657, -1.0, 1.0000004768371582, 0.999999463558197, 1.0, -0.9999999403953552, 1.0, 1.0, 0.9999993443489075, -1.0000005960464478, 1.0, 1.0, 0.9999999403953552, -1.0, 1.0000004768371582, 0.999999463558197, 1.0, 1.0, -1.0, -1.0, 1.0, -1.0, -1.0, 0.9999993443489075, -1.0000005960464478, 1.0, -1.0000001192092896, -0.9999998211860657, -1.0, -1.0000001192092896, -0.9999998211860657, -1.0, -1.0000003576278687, -0.9999996423721313, 1.0, -0.9999999403953552, 1.0, 1.0, 1.0000004768371582, 0.999999463558197, 1.0, 1.0, 0.9999999403953552, -1.0, -0.9999996423721313, 1.0000003576278687, -1.0, -0.9999996423721313, 1.0000003576278687, -1.0, 1.0, 0.9999999403953552, -1.0, -1.0000001192092896, -0.9999998211860657, -1.0, 1.0000004768371582, 0.999999463558197, 1.0, 0.9999993443489075, -1.0000005960464478, 1.0, 1.0, -1.0, -1.0, 0.9999993443489075, -1.0000005960464478, 1.0, -1.0000003576278687, -0.9999996423721313, 1.0, -1.0000001192092896, -0.9999998211860657, -1.0, -0.9999996423721313, 1.0000003576278687, -1.0, -1.0000001192092896, -0.9999998211860657, -1.0, -0.9999999403953552, 1.0, 1.0, -0.9999999403953552, 1.0, 1.0, 1.0000004768371582, 0.999999463558197, 1.0, -0.9999996423721313, 1.0000003576278687, -1.0, -0.9999999403953552, 1.0, 1.0, -1.0000003576278687, -0.9999996423721313, 1.0, 0.9999993443489075, -1.0000005960464478, 1.0]}, "Name": "Cube", "Textures": {"num": 36, "co": [0.0, 0.33435294032096863, 0.3323138952255249, 0.33333343267440796, 0.3333333730697632, 0.6656473278999329, 1.0, 0.00101947458460927, 0.9989806413650513, 0.33333343267440796, 0.6676861643791199, 1.5846036660605023e-07, 0.9989806413650513, 0.33333343267440796, 1.0, 0.6656473278999329, 0.6666667461395264, 0.33435291051864624, 0.3343528211116791, 0.6666669249534607, 0.33333343267440796, 0.3343529999256134, 0.6666667461395264, 0.6656473875045776, 0.33333343267440796, 0.3323139250278473, 0.0010195043869316578, 0.33333343267440796, 0.0, 0.0010195835493505, 0.33333343267440796, 0.0010194646893069148, 0.6656473278999329, 0.0, 0.6666668057441711, 0.3323138356208801, 0.001019435003399849, 0.6666668057441711, 0.0, 0.33435294032096863, 0.3333333730697632, 0.6656473278999329, 1.0, 0.6656473278999329, 0.6676861047744751, 0.6666668057441711, 0.6666667461395264, 0.33435291051864624, 0.33333343267440796, 0.3343529999256134, 0.6656472682952881, 0.33333343267440796, 0.6666667461395264, 0.6656473875045776, 0.3323139250278473, 0.0, 0.33333343267440796, 0.3323139250278473, 0.0, 0.0010195835493505, 0.33435294032096863, 0.33333343267440796, 0.33333343267440796, 0.0010194646893069148, 0.6666668057441711, 0.3323138356208801, 0.9989806413650513, 0.33333343267440796, 0.6666668057441711, 0.33231398463249207, 0.6676861643791199, 1.5846036660605023e-07]}}