{"Normals": {"co": [0.0, 0.0, -1.0, 0.0, 0.0, -1.0, 0.0, 0.0, -1.0, 0.0, 0.0, -1.0, 0.0, 0.0, -1.0, 0.0, 0.0, -1.0], "num": 6}, "Name": "Plane", "Vertices": {"co": [-70.0328598022461, -22.17340660095215, -3.51539945602417, -70.0328598022461, 27.684598922729492, -3.51539945602417, 56.9271240234375, -22.17340660095215, -3.51539945602417, -70.0328598022461, 27.684598922729492, -3.51539945602417, 56.9271240234375, 27.684598922729492, -3.51539945602417, 56.9271240234375, -22.17340660095215, -3.51539945602417], "num": 6}, "Textures": {"co": [0.00010009919060394168, 9.998001041822135e-05, 9.998001041822135e-05, 0.9999000430107117, 0.9999000430107117, 0.00010003960051108152, 9.998001041822135e-05, 0.9999000430107117, 0.9999000430107117, 0.9999000430107117, 0.9999000430107117, 0.00010003960051108152], "num": 6}}